[
  {
    "name": "Lithuania",
    "officialName": "Republic of Lithuania"
  },
  {
    "name": "Chile",
    "officialName": "Republic of Chile"
  },
  {
    "name": "Benin",
    "officialName": "Republic of Benin"
  },
  {
    "name": "Cyprus",
    "officialName": "Republic of Cyprus"
  },
  {
    "name": "Ghana",
    "officialName": "Republic of Ghana"
  },
  {
    "name": "Belgium",
    "officialName": "Kingdom of Belgium"
  },
  {
    "name": "Cuba",
    "officialName": "Republic of Cuba"
  },
  {
    "name": "Andorra",
    "officialName": "Principality of Andorra"
  },
  {
    "name": "Falkland Islands",
    "officialName": "Falkland Islands"
  },
  {
    "name": "Georgia",
    "officialName": "Georgia"
  },
  {
    "name": "Argentina",
    "officialName": "Argentine Republic"
  },
  {
    "name": "Uzbekistan",
    "officialName": "Republic of Uzbekistan"
  },
  {
    "name": "Belize",
    "officialName": "Belize"
  },
  {
    "name": "El Salvador",
    "officialName": "Republic of El Salvador"
  },
  {
    "name": "Latvia",
    "officialName": "Republic of Latvia"
  },
  {
    "name": "Ivory Coast",
    "officialName": "Republic of Côte d'Ivoire"
  },
  {
    "name": "Republic of the Congo",
    "officialName": "Republic of the Congo"
  },
  {
    "name": "Bangladesh",
    "officialName": "People's Republic of Bangladesh"
  },
  {
    "name": "Northern Mariana Islands",
    "officialName": "Commonwealth of the Northern Mariana Islands"
  },
  {
    "name": "France",
    "officialName": "French Republic"
  },
  {
    "name": "Palau",
    "officialName": "Republic of Palau"
  },
  {
    "name": "Afghanistan",
    "officialName": "Islamic Republic of Afghanistan"
  },
  {
    "name": "New Caledonia",
    "officialName": "New Caledonia"
  },
  {
    "name": "Turkmenistan",
    "officialName": "Turkmenistan"
  },
  {
    "name": "Ethiopia",
    "officialName": "Federal Democratic Republic of Ethiopia"
  },
  {
    "name": "Montserrat",
    "officialName": "Montserrat"
  },
  {
    "name": "Jordan",
    "officialName": "Hashemite Kingdom of Jordan"
  },
  {
    "name": "Bulgaria",
    "officialName": "Republic of Bulgaria"
  },
  {
    "name": "Saint Lucia",
    "officialName": "Saint Lucia"
  },
  {
    "name": "Senegal",
    "officialName": "Republic of Senegal"
  },
  {
    "name": "Uruguay",
    "officialName": "Oriental Republic of Uruguay"
  },
  {
    "name": "Tanzania",
    "officialName": "United Republic of Tanzania"
  },
  {
    "name": "Sudan",
    "officialName": "Republic of the Sudan"
  },
  {
    "name": "Philippines",
    "officialName": "Republic of the Philippines"
  },
  {
    "name": "Chad",
    "officialName": "Republic of Chad"
  },
  {
    "name": "Guinea-Bissau",
    "officialName": "Republic of Guinea-Bissau"
  },
  {
    "name": "Isle of Man",
    "officialName": "Isle of Man"
  },
  {
    "name": "Sierra Leone",
    "officialName": "Republic of Sierra Leone"
  },
  {
    "name": "Vanuatu",
    "officialName": "Republic of Vanuatu"
  },
  {
    "name": "Rwanda",
    "officialName": "Republic of Rwanda"
  },
  {
    "name": "Kyrgyzstan",
    "officialName": "Kyrgyz Republic"
  },
  {
    "name": "Comoros",
    "officialName": "Union of the Comoros"
  },
  {
    "name": "Cape Verde",
    "officialName": "Republic of Cabo Verde"
  },
  {
    "name": "Moldova",
    "officialName": "Republic of Moldova"
  },
  {
    "name": "United Arab Emirates",
    "officialName": "United Arab Emirates"
  },
  {
    "name": "Antarctica",
    "officialName": "Antarctica"
  },
  {
    "name": "Kosovo",
    "officialName": "Republic of Kosovo"
  },
  {
    "name": "Togo",
    "officialName": "Togolese Republic"
  },
  {
    "name": "Palestine",
    "officialName": "State of Palestine"
  },
  {
    "name": "United States",
    "officialName": "United States of America"
  },
  {
    "name": "Venezuela",
    "officialName": "Bolivarian Republic of Venezuela"
  },
  {
    "name": "Mayotte",
    "officialName": "Department of Mayotte"
  },
  {
    "name": "Timor-Leste",
    "officialName": "Democratic Republic of Timor-Leste"
  },
  {
    "name": "Pitcairn Islands",
    "officialName": "Pitcairn Group of Islands"
  },
  {
    "name": "Saint Pierre and Miquelon",
    "officialName": "Saint Pierre and Miquelon"
  },
  {
    "name": "Solomon Islands",
    "officialName": "Solomon Islands"
  },
  {
    "name": "Ecuador",
    "officialName": "Republic of Ecuador"
  },
  {
    "name": "Tonga",
    "officialName": "Kingdom of Tonga"
  },
  {
    "name": "Central African Republic",
    "officialName": "Central African Republic"
  },
  {
    "name": "Malta",
    "officialName": "Republic of Malta"
  },
  {
    "name": "Greece",
    "officialName": "Hellenic Republic"
  },
  {
    "name": "San Marino",
    "officialName": "Republic of San Marino"
  },
  {
    "name": "Austria",
    "officialName": "Republic of Austria"
  },
  {
    "name": "Czechia",
    "officialName": "Czech Republic"
  },
  {
    "name": "Niue",
    "officialName": "Niue"
  },
  {
    "name": "Nigeria",
    "officialName": "Federal Republic of Nigeria"
  },
  {
    "name": "Caribbean Netherlands",
    "officialName": "Bonaire, Sint Eustatius and Saba"
  },
  {
    "name": "Qatar",
    "officialName": "State of Qatar"
  },
  {
    "name": "Wallis and Futuna",
    "officialName": "Territory of the Wallis and Futuna Islands"
  },
  {
    "name": "Saint Kitts and Nevis",
    "officialName": "Federation of Saint Christopher and Nevis"
  },
  {
    "name": "Guatemala",
    "officialName": "Republic of Guatemala"
  },
  {
    "name": "Tunisia",
    "officialName": "Tunisian Republic"
  },
  {
    "name": "Bhutan",
    "officialName": "Kingdom of Bhutan"
  },
  {
    "name": "Macau",
    "officialName": "Macao Special Administrative Region of the People's Republic of China"
  },
  {
    "name": "Saint Helena, Ascension and Tristan da Cunha",
    "officialName": "Saint Helena, Ascension and Tristan da Cunha"
  },
  {
    "name": "Samoa",
    "officialName": "Independent State of Samoa"
  },
  {
    "name": "Israel",
    "officialName": "State of Israel"
  },
  {
    "name": "Somalia",
    "officialName": "Federal Republic of Somalia"
  },
  {
    "name": "Tajikistan",
    "officialName": "Republic of Tajikistan"
  },
  {
    "name": "Western Sahara",
    "officialName": "Sahrawi Arab Democratic Republic"
  },
  {
    "name": "Saint Barthélemy",
    "officialName": "Collectivity of Saint Barthélemy"
  },
  {
    "name": "Finland",
    "officialName": "Republic of Finland"
  },
  {
    "name": "Guernsey",
    "officialName": "Bailiwick of Guernsey"
  },
  {
    "name": "Turks and Caicos Islands",
    "officialName": "Turks and Caicos Islands"
  },
  {
    "name": "Lesotho",
    "officialName": "Kingdom of Lesotho"
  },
  {
    "name": "Russia",
    "officialName": "Russian Federation"
  },
  {
    "name": "Azerbaijan",
    "officialName": "Republic of Azerbaijan"
  },
  {
    "name": "Ireland",
    "officialName": "Republic of Ireland"
  },
  {
    "name": "Jamaica",
    "officialName": "Jamaica"
  },
  {
    "name": "Eswatini",
    "officialName": "Kingdom of Eswatini"
  },
  {
    "name": "Saudi Arabia",
    "officialName": "Kingdom of Saudi Arabia"
  },
  {
    "name": "North Korea",
    "officialName": "Democratic People's Republic of Korea"
  },
  {
    "name": "Gabon",
    "officialName": "Gabonese Republic"
  },
  {
    "name": "Micronesia",
    "officialName": "Federated States of Micronesia"
  },
  {
    "name": "Equatorial Guinea",
    "officialName": "Republic of Equatorial Guinea"
  },
  {
    "name": "Brazil",
    "officialName": "Federative Republic of Brazil"
  },
  {
    "name": "Greenland",
    "officialName": "Greenland"
  },
  {
    "name": "Mexico",
    "officialName": "United Mexican States"
  },
  {
    "name": "Nauru",
    "officialName": "Republic of Nauru"
  },
  {
    "name": "Cambodia",
    "officialName": "Kingdom of Cambodia"
  },
  {
    "name": "Angola",
    "officialName": "Republic of Angola"
  },
  {
    "name": "Italy",
    "officialName": "Italian Republic"
  },
  {
    "name": "Iran",
    "officialName": "Islamic Republic of Iran"
  },
  {
    "name": "Aruba",
    "officialName": "Aruba"
  },
  {
    "name": "Botswana",
    "officialName": "Republic of Botswana"
  },
  {
    "name": "Cocos (Keeling) Islands",
    "officialName": "Territory of the Cocos (Keeling) Islands"
  },
  {
    "name": "Egypt",
    "officialName": "Arab Republic of Egypt"
  },
  {
    "name": "Australia",
    "officialName": "Commonwealth of Australia"
  },
  {
    "name": "Vatican City",
    "officialName": "Vatican City State"
  },
  {
    "name": "Myanmar",
    "officialName": "Republic of the Union of Myanmar"
  },
  {
    "name": "Réunion",
    "officialName": "Réunion Island"
  },
  {
    "name": "Anguilla",
    "officialName": "Anguilla"
  },
  {
    "name": "Portugal",
    "officialName": "Portuguese Republic"
  },
  {
    "name": "Liberia",
    "officialName": "Republic of Liberia"
  },
  {
    "name": "Zambia",
    "officialName": "Republic of Zambia"
  },
  {
    "name": "Denmark",
    "officialName": "Kingdom of Denmark"
  },
  {
    "name": "Syria",
    "officialName": "Syrian Arab Republic"
  },
  {
    "name": "Slovakia",
    "officialName": "Slovak Republic"
  },
  {
    "name": "Albania",
    "officialName": "Republic of Albania"
  },
  {
    "name": "Curaçao",
    "officialName": "Country of Curaçao"
  },
  {
    "name": "São Tomé and Príncipe",
    "officialName": "Democratic Republic of São Tomé and Príncipe"
  },
  {
    "name": "Bahamas",
    "officialName": "Commonwealth of the Bahamas"
  },
  {
    "name": "Bolivia",
    "officialName": "Plurinational State of Bolivia"
  },
  {
    "name": "British Indian Ocean Territory",
    "officialName": "British Indian Ocean Territory"
  },
  {
    "name": "Germany",
    "officialName": "Federal Republic of Germany"
  },
  {
    "name": "Estonia",
    "officialName": "Republic of Estonia"
  },
  {
    "name": "Eritrea",
    "officialName": "State of Eritrea"
  },
  {
    "name": "American Samoa",
    "officialName": "American Samoa"
  },
  {
    "name": "Netherlands",
    "officialName": "Kingdom of the Netherlands"
  },
  {
    "name": "Mali",
    "officialName": "Republic of Mali"
  },
  {
    "name": "Kuwait",
    "officialName": "State of Kuwait"
  },
  {
    "name": "Peru",
    "officialName": "Republic of Peru"
  },
  {
    "name": "Libya",
    "officialName": "State of Libya"
  },
  {
    "name": "Burundi",
    "officialName": "Republic of Burundi"
  },
  {
    "name": "Laos",
    "officialName": "Lao People's Democratic Republic"
  },
  {
    "name": "Paraguay",
    "officialName": "Republic of Paraguay"
  },
  {
    "name": "Montenegro",
    "officialName": "Montenegro"
  },
  {
    "name": "Hungary",
    "officialName": "Hungary"
  },
  {
    "name": "DR Congo",
    "officialName": "Democratic Republic of the Congo"
  },
  {
    "name": "South Sudan",
    "officialName": "Republic of South Sudan"
  },
  {
    "name": "Cayman Islands",
    "officialName": "Cayman Islands"
  },
  {
    "name": "Lebanon",
    "officialName": "Lebanese Republic"
  },
  {
    "name": "Morocco",
    "officialName": "Kingdom of Morocco"
  },
  {
    "name": "North Macedonia",
    "officialName": "Republic of North Macedonia"
  },
  {
    "name": "Åland Islands",
    "officialName": "Åland Islands"
  },
  {
    "name": "Nicaragua",
    "officialName": "Republic of Nicaragua"
  },
  {
    "name": "Sri Lanka",
    "officialName": "Democratic Socialist Republic of Sri Lanka"
  },
  {
    "name": "Guinea",
    "officialName": "Republic of Guinea"
  },
  {
    "name": "Guadeloupe",
    "officialName": "Guadeloupe"
  },
  {
    "name": "Heard Island and McDonald Islands",
    "officialName": "Heard Island and McDonald Islands"
  },
  {
    "name": "China",
    "officialName": "People's Republic of China"
  },
  {
    "name": "Bahrain",
    "officialName": "Kingdom of Bahrain"
  },
  {
    "name": "Marshall Islands",
    "officialName": "Republic of the Marshall Islands"
  },
  {
    "name": "South Africa",
    "officialName": "Republic of South Africa"
  },
  {
    "name": "Saint Vincent and the Grenadines",
    "officialName": "Saint Vincent and the Grenadines"
  },
  {
    "name": "Ukraine",
    "officialName": "Ukraine"
  },
  {
    "name": "Seychelles",
    "officialName": "Republic of Seychelles"
  },
  {
    "name": "Indonesia",
    "officialName": "Republic of Indonesia"
  },
  {
    "name": "Dominican Republic",
    "officialName": "Dominican Republic"
  },
  {
    "name": "Malawi",
    "officialName": "Republic of Malawi"
  },
  {
    "name": "Cameroon",
    "officialName": "Republic of Cameroon"
  },
  {
    "name": "French Polynesia",
    "officialName": "French Polynesia"
  },
  {
    "name": "Kiribati",
    "officialName": "Independent and Sovereign Republic of Kiribati"
  },
  {
    "name": "Madagascar",
    "officialName": "Republic of Madagascar"
  },
  {
    "name": "Suriname",
    "officialName": "Republic of Suriname"
  },
  {
    "name": "Fiji",
    "officialName": "Republic of Fiji"
  },
  {
    "name": "Faroe Islands",
    "officialName": "Faroe Islands"
  },
  {
    "name": "Pakistan",
    "officialName": "Islamic Republic of Pakistan"
  },
  {
    "name": "Djibouti",
    "officialName": "Republic of Djibouti"
  },
  {
    "name": "Gambia",
    "officialName": "Republic of the Gambia"
  },
  {
    "name": "Mongolia",
    "officialName": "Mongolia"
  },
  {
    "name": "Zimbabwe",
    "officialName": "Republic of Zimbabwe"
  },
  {
    "name": "Romania",
    "officialName": "Romania"
  },
  {
    "name": "Iceland",
    "officialName": "Iceland"
  },
  {
    "name": "Haiti",
    "officialName": "Republic of Haiti"
  },
  {
    "name": "Costa Rica",
    "officialName": "Republic of Costa Rica"
  },
  {
    "name": "Vietnam",
    "officialName": "Socialist Republic of Vietnam"
  },
  {
    "name": "Norfolk Island",
    "officialName": "Territory of Norfolk Island"
  },
  {
    "name": "Croatia",
    "officialName": "Republic of Croatia"
  },
  {
    "name": "South Korea",
    "officialName": "Republic of Korea"
  },
  {
    "name": "Canada",
    "officialName": "Canada"
  },
  {
    "name": "French Guiana",
    "officialName": "Guiana"
  },
  {
    "name": "Liechtenstein",
    "officialName": "Principality of Liechtenstein"
  },
  {
    "name": "Puerto Rico",
    "officialName": "Commonwealth of Puerto Rico"
  },
  {
    "name": "Mauritius",
    "officialName": "Republic of Mauritius"
  },
  {
    "name": "Tuvalu",
    "officialName": "Tuvalu"
  },
  {
    "name": "Saint Martin",
    "officialName": "Saint Martin"
  },
  {
    "name": "Monaco",
    "officialName": "Principality of Monaco"
  },
  {
    "name": "Papua New Guinea",
    "officialName": "Independent State of Papua New Guinea"
  },
  {
    "name": "South Georgia",
    "officialName": "South Georgia and the South Sandwich Islands"
  },
  {
    "name": "Kazakhstan",
    "officialName": "Republic of Kazakhstan"
  },
  {
    "name": "Malaysia",
    "officialName": "Malaysia"
  },
  {
    "name": "Uganda",
    "officialName": "Republic of Uganda"
  },
  {
    "name": "Grenada",
    "officialName": "Grenada"
  },
  {
    "name": "Cook Islands",
    "officialName": "Cook Islands"
  },
  {
    "name": "Maldives",
    "officialName": "Republic of the Maldives"
  },
  {
    "name": "Singapore",
    "officialName": "Republic of Singapore"
  },
  {
    "name": "Yemen",
    "officialName": "Republic of Yemen"
  },
  {
    "name": "Burkina Faso",
    "officialName": "Burkina Faso"
  },
  {
    "name": "United States Virgin Islands",
    "officialName": "Virgin Islands of the United States"
  },
  {
    "name": "British Virgin Islands",
    "officialName": "Virgin Islands"
  },
  {
    "name": "Panama",
    "officialName": "Republic of Panama"
  },
  {
    "name": "Antigua and Barbuda",
    "officialName": "Antigua and Barbuda"
  },
  {
    "name": "Martinique",
    "officialName": "Martinique"
  },
  {
    "name": "Sweden",
    "officialName": "Kingdom of Sweden"
  },
  {
    "name": "Thailand",
    "officialName": "Kingdom of Thailand"
  },
  {
    "name": "Algeria",
    "officialName": "People's Democratic Republic of Algeria"
  },
  {
    "name": "Jersey",
    "officialName": "Bailiwick of Jersey"
  },
  {
    "name": "Mozambique",
    "officialName": "Republic of Mozambique"
  },
  {
    "name": "Namibia",
    "officialName": "Republic of Namibia"
  },
  {
    "name": "Barbados",
    "officialName": "Barbados"
  },
  {
    "name": "Honduras",
    "officialName": "Republic of Honduras"
  },
  {
    "name": "Svalbard and Jan Mayen",
    "officialName": "Svalbard og Jan Mayen"
  },
  {
    "name": "Guam",
    "officialName": "Guam"
  },
  {
    "name": "Sint Maarten",
    "officialName": "Sint Maarten"
  },
  {
    "name": "United States Minor Outlying Islands",
    "officialName": "United States Minor Outlying Islands"
  },
  {
    "name": "Hong Kong",
    "officialName": "Hong Kong Special Administrative Region of the People's Republic of China"
  },
  {
    "name": "Bermuda",
    "officialName": "Bermuda"
  },
  {
    "name": "Belarus",
    "officialName": "Republic of Belarus"
  },
  {
    "name": "Japan",
    "officialName": "Japan"
  },
  {
    "name": "Bosnia and Herzegovina",
    "officialName": "Bosnia and Herzegovina"
  },
  {
    "name": "French Southern and Antarctic Lands",
    "officialName": "Territory of the French Southern and Antarctic Lands"
  },
  {
    "name": "Gibraltar",
    "officialName": "Gibraltar"
  },
  {
    "name": "New Zealand",
    "officialName": "New Zealand"
  },
  {
    "name": "Kenya",
    "officialName": "Republic of Kenya"
  },
  {
    "name": "Tokelau",
    "officialName": "Tokelau"
  },
  {
    "name": "Nepal",
    "officialName": "Federal Democratic Republic of Nepal"
  },
  {
    "name": "Trinidad and Tobago",
    "officialName": "Republic of Trinidad and Tobago"
  },
  {
    "name": "Guyana",
    "officialName": "Co-operative Republic of Guyana"
  },
  {
    "name": "India",
    "officialName": "Republic of India"
  },
  {
    "name": "Luxembourg",
    "officialName": "Grand Duchy of Luxembourg"
  },
  {
    "name": "Taiwan",
    "officialName": "Republic of China (Taiwan)"
  },
  {
    "name": "Oman",
    "officialName": "Sultanate of Oman"
  },
  {
    "name": "Norway",
    "officialName": "Kingdom of Norway"
  },
  {
    "name": "Switzerland",
    "officialName": "Swiss Confederation"
  },
  {
    "name": "Dominica",
    "officialName": "Commonwealth of Dominica"
  },
  {
    "name": "Spain",
    "officialName": "Kingdom of Spain"
  },
  {
    "name": "Iraq",
    "officialName": "Republic of Iraq"
  },
  {
    "name": "Serbia",
    "officialName": "Republic of Serbia"
  },
  {
    "name": "United Kingdom",
    "officialName": "United Kingdom of Great Britain and Northern Ireland"
  },
  {
    "name": "Slovenia",
    "officialName": "Republic of Slovenia"
  },
  {
    "name": "Colombia",
    "officialName": "Republic of Colombia"
  },
  {
    "name": "Armenia",
    "officialName": "Republic of Armenia"
  },
  {
    "name": "Christmas Island",
    "officialName": "Territory of Christmas Island"
  },
  {
    "name": "Niger",
    "officialName": "Republic of Niger"
  },
  {
    "name": "Brunei",
    "officialName": "Nation of Brunei, Abode of Peace"
  },
  {
    "name": "Mauritania",
    "officialName": "Islamic Republic of Mauritania"
  },
  {
    "name": "Turkey",
    "officialName": "Republic of Turkey"
  },
  {
    "name": "Poland",
    "officialName": "Republic of Poland"
  },
  {
    "name": "Bouvet Island",
    "officialName": "Bouvet Island"
  }
]